date,num1,num2,num3,num4,num5,num6,num7,num8,num9,temp,temp_diff,pressure,pressure_diff,humidity,humidity_diff,moon_age,moon_sin,moon_cos
2013/4/5,7,10,12,17,23,28,34,3,15,19.9,1.1,1012.5,1.8,61,-1,24.54,-0.87,0.49
2013/4/12,20,24,29,31,33,34,35,12,32,15.5,4.1,1003.6,-2.9,39,-23,2,0.41,0.91
2013/4/19,2,7,8,11,14,23,31,5,15,13.9,-6.3,1007,9.7,22,-54,9,0.94,-0.34
2013/4/26,12,13,22,23,24,28,29,2,14,16.2,-2.8,993.5,-8.8,58,5,16,-0.26,-0.97
2013/5/3,1,3,4,5,16,21,28,22,31,16.5,0.4,1007.1,4.3,54,28,23,-0.98,0.18
2013/5/10,5,15,19,23,30,34,35,6,25,24.3,2,1002.5,-4.5,50,-2,0.47,0.1,0.99
2013/5/17,1,3,5,7,27,29,33,6,15,19.7,-0.3,1011.1,3.2,57,-4,7.47,1,-0.02
2013/5/24,2,21,28,29,30,32,36,6,8,24.1,2.4,1008.2,1.6,42,-2,14.47,0.06,-1
2013/5/31,3,4,15,23,27,30,36,13,35,24.8,2.8,1006.3,2,37,-51,21.47,-0.99,-0.14
2013/6/7,1,2,3,6,24,28,30,16,20,23.4,0.4,1006.1,-4.3,50,-12,28.47,-0.22,0.97
2013/6/14,9,15,26,29,32,34,36,14,35,26.7,5.4,1008.4,-0.6,77,-15,5.94,0.95,0.3
2013/6/21,11,12,14,19,26,27,33,24,32,22.3,0.5,1002,-0.2,87,-3,12.94,0.38,-0.93
2013/6/28,6,10,16,21,27,28,35,15,34,24.3,-1.7,1004.6,3.8,66,18,19.94,-0.89,-0.45
2013/7/5,4,7,8,9,24,28,30,34,36,27.9,1.8,1000.2,-0.5,77,-2,26.94,-0.52,0.85
2013/7/12,2,10,14,17,23,25,35,8,29,31.9,0.6,1002.5,1.2,62,-5,4.41,0.81,0.59
2013/7/19,5,6,9,13,16,21,23,8,34,27.4,-3.9,1005.3,7.4,62,5,11.41,0.65,-0.76
2013/7/26,2,3,5,22,34,36,37,7,15,30.3,1.4,999.6,-0.2,70,-1,18.41,-0.7,-0.71
2013/8/2,12,17,21,24,29,31,36,20,26,27.6,-1.5,1004.4,4.9,69,-7,25.41,-0.77,0.64
2013/8/9,2,14,19,20,21,22,31,1,15,32.4,0.6,999.5,-1.1,71,6,2.88,0.58,0.82
2013/8/16,2,5,13,20,21,23,28,11,22,29.7,-1.2,1004.6,-0.7,71,13,9.88,0.86,-0.51
2013/8/23,1,9,13,15,25,30,33,19,28,26.5,-5.2,1002.6,-2.3,83,20,16.88,-0.44,-0.9
2013/8/30,2,4,8,9,15,23,25,3,10,33.6,3.1,998.4,-1.9,59,10,23.88,-0.93,0.36
2013/9/6,4,8,11,25,28,29,30,14,32,25.6,-2.9,1012.5,5.6,68,-11,1.35,0.28,0.96
2013/9/13,4,5,8,10,16,19,33,2,29,28.4,-1.4,1011.9,1,72,10,8.35,0.98,-0.2
2013/9/20,1,6,11,16,17,18,21,10,24,26.6,0.9,1012.7,-2.3,58,8,15.35,-0.12,-0.99
2013/9/27,11,13,16,18,26,31,36,21,27,20.3,-1.6,1016.1,12.7,48,-5,22.35,-1,0.04
2013/10/4,1,10,11,14,17,18,28,25,26,18.6,-6.2,1019.6,11.9,69,9,29.35,-0.04,1
2013/10/11,6,7,12,15,19,35,37,1,11,26.7,1.5,1004.8,-9.6,69,2,6.82,0.99,0.12
2013/10/18,2,3,16,17,24,26,28,15,31,17.9,-1.2,1025.6,3.9,62,13,13.82,0.2,-0.98
2013/10/25,6,8,13,22,26,32,36,16,34,19.3,2.9,1000.4,-13.3,93,3,20.82,-0.96,-0.28
2013/11/1,9,12,13,19,23,33,34,20,32,19.1,-0.9,1020.4,3,54,2,27.82,-0.36,0.93
2013/11/8,3,8,15,18,27,29,37,31,34,18.4,3.5,1019.2,12.9,43,-38,5.29,0.9,0.43
2013/11/15,1,4,17,24,29,33,36,19,30,12,-1.8,1011.8,-8.9,75,26,12.29,0.5,-0.86
2013/11/22,4,6,7,23,24,32,35,8,27,14.9,1.1,1009.4,-1.2,54,7,19.29,-0.82,-0.57
2013/11/29,1,16,18,19,25,30,34,26,36,11.2,-1.4,1003.8,0.7,34,13,26.29,-0.64,0.77
2013/12/6,5,6,10,11,20,28,36,25,37,16,2.6,1004.8,-5.2,42,-6,3.76,0.72,0.7
2013/12/13,7,8,10,13,14,19,37,29,33,12.1,1.5,1001.6,-7.3,39,6,10.76,0.75,-0.66
2013/12/20,4,14,19,22,24,29,34,8,31,6.1,-1.3,998.4,-8.5,67,-24,17.76,-0.59,-0.8
2013/12/27,7,13,19,23,25,26,30,1,18,7.8,0.1,995.8,-12.8,55,1,24.76,-0.85,0.53
2014/1/10,2,6,11,23,26,31,34,7,20,5.5,-2.5,1017.3,10.6,24,-8,9.23,0.92,-0.38
2014/1/17,2,3,8,15,34,35,36,25,28,7.5,0.3,1015.1,-1.7,28,-13,16.23,-0.31,-0.95
2014/1/24,2,15,16,17,23,31,33,8,26,11.8,2.6,1015.5,-3.9,48,3,23.23,-0.97,0.23
2014/1/31,4,6,7,8,24,31,37,5,13,10.1,-3,1014.7,10,26,-61,0.7,0.15,0.99
2014/2/7,3,4,6,15,27,28,29,1,14,5.7,0.8,1015.5,-2,32,-1,7.7,1,-0.07
2014/2/14,1,2,9,18,21,27,33,25,31,0.7,-6.1,1020.8,0.3,93,49,14.7,0.01,-1
2014/2/21,2,5,6,15,23,27,30,4,35,6.6,-0.7,1017.6,1.5,27,-6,21.7,-1,-0.1
2014/2/28,2,9,11,14,20,21,36,6,15,16.1,3.8,1013.6,-1.4,35,-51,28.7,-0.18,0.98
2014/3/7,3,5,24,26,29,30,34,8,35,5.6,0.2,1013.9,1.5,48,23,6.17,0.97,0.26
2014/3/14,8,11,12,17,24,26,27,14,21,10.4,-4.7,1003.8,11.3,31,-61,13.17,0.33,-0.94
2014/3/21,3,4,7,8,15,24,29,11,16,9.3,1,1000.8,8.8,37,-54,20.17,-0.91,-0.41
2014/3/28,1,4,5,8,20,23,35,15,33,17.8,5,1014.2,4.7,31,-29,27.17,-0.48,0.88
2014/4/4,8,10,22,24,26,32,34,5,9,16.6,2.8,987.5,-19.4,72,-22,4.64,0.83,0.55
2014/4/11,1,4,14,16,20,33,36,12,30,14.8,-2.6,1011.4,7.6,39,6,11.64,0.62,-0.79
2014/4/18,1,3,5,10,18,22,23,7,35,8.8,-10.7,1010.5,3,87,25,18.64,-0.73,-0.68
2014/4/25,4,12,14,17,23,30,36,13,33,19.6,2.1,1019.6,0,37,-19,25.64,-0.74,0.68
2014/5/2,4,23,26,27,28,32,36,29,30,22.5,-0.3,1006.3,3.7,59,6,3.11,0.61,0.79
2014/5/9,5,6,12,16,17,20,33,8,32,18.9,-0.2,1004.8,-3.9,41,-24,10.11,0.84,-0.55
2014/5/16,1,6,7,8,23,32,33,11,34,24.2,3.9,993.2,4.7,22,-51,17.11,-0.48,-0.88
2014/5/23,5,8,12,13,21,30,35,27,34,20.6,-1.6,1012.3,9.6,58,18,24.11,-0.91,0.4
2014/5/30,3,7,9,15,16,23,34,5,33,24.9,-0.1,1006.4,1.6,66,10,1.58,0.33,0.94
2014/6/6,5,10,11,21,28,31,37,13,14,20.2,-0.1,1001.7,-3.9,95,6,8.58,0.97,-0.25
2014/6/13,4,10,12,15,27,32,33,9,16,26.9,3.6,992.3,3.8,60,-22,15.58,-0.17,-0.99
2014/6/20,4,8,19,24,28,30,32,12,37,25.6,0,1004.6,3,63,14,22.58,-1,0.09
2014/6/27,4,15,16,17,20,29,36,19,26,24.2,-1.6,1003.9,-2.5,84,16,0.05,0.01,1
2014/7/4,4,7,12,22,23,24,28,25,34,21.3,-3.7,1001,-1.8,90,11,7.05,1,0.07
2014/7/11,1,11,25,28,31,33,37,3,20,30.5,2.8,991,-2.4,68,-10,14.05,0.15,-0.99
2014/7/18,7,11,15,17,18,25,35,6,33,26.6,-1.2,1008.8,0.6,74,3,21.05,-0.97,-0.23
2014/7/25,2,7,13,15,24,34,35,12,23,31.9,1,1007.5,7.1,58,-10,28.05,-0.31,0.95
2014/8/1,13,17,20,22,28,29,37,11,12,30.5,-0.6,1006.4,-1.2,72,6,5.52,0.92,0.39
2014/8/8,9,10,18,21,27,33,35,4,11,30.7,1.6,1004.5,2.7,57,-8,12.52,0.46,-0.89
2014/8/15,1,6,13,29,34,35,37,2,15,30.4,3.7,1001.7,-5,68,-21,19.52,-0.85,-0.53
2014/8/22,11,12,18,19,20,31,32,9,21,30.4,-1.1,1004.5,-2,69,0,26.52,-0.6,0.8
2014/8/29,12,16,23,25,27,30,32,28,33,24.1,2.2,1010.7,0.2,77,-13,3.98,0.75,0.66
2014/9/5,5,13,14,15,16,24,31,9,11,29.3,2.6,1006.6,-2.4,71,4,10.98,0.72,-0.69
2014/9/12,4,9,15,17,19,35,37,10,20,24.3,1.6,1005.8,1,66,-17,17.98,-0.63,-0.77
2014/9/19,4,13,18,29,32,34,36,24,33,23.8,0.4,1007.5,-0.2,48,16,24.98,-0.82,0.57
2014/9/26,3,10,23,25,26,28,30,15,29,21.9,-1.8,1013.3,14.3,63,-26,2.45,0.5,0.87
2014/10/3,5,6,10,14,24,28,36,7,20,26.5,4,1001.8,-6.1,70,-11,9.45,0.9,-0.43
2014/10/10,2,4,7,9,21,29,37,6,36,23.6,0.8,1014.5,-3.1,55,-4,16.45,-0.35,-0.94
2014/10/17,2,5,10,18,21,24,27,25,34,19.9,0.7,1013.9,3.5,33,-40,23.45,-0.96,0.27
2014/10/24,1,3,10,18,28,31,35,9,21,18.7,4.1,1017.3,1.7,61,-19,0.92,0.2,0.98
2014/10/31,1,3,16,20,25,27,34,18,37,20.2,-0.1,1018.5,-3.4,73,12,7.92,0.99,-0.11
2014/11/7,1,11,21,26,28,32,35,18,22,17.9,-0.8,1018.1,10.7,36,-44,14.92,-0.03,-1
2014/11/14,8,16,23,28,29,35,36,12,37,14.8,-1.5,1010.8,6.9,37,15,21.92,-1,-0.05
2014/11/21,6,7,10,11,22,26,35,14,23,15.2,5.8,1021.2,-1,70,-20,28.92,-0.13,0.99
2014/11/28,3,10,20,21,22,26,30,24,35,15.9,0.3,1018.5,0.2,74,12,6.39,0.98,0.21
2014/12/5,8,9,12,18,20,28,31,13,15,8.5,0.6,1002,-3.1,42,-54,13.39,0.29,-0.96
2014/12/12,3,4,10,14,25,29,30,18,19,9.4,-1.1,1006.6,3,42,-32,20.39,-0.93,-0.36
2014/12/19,1,3,11,26,28,34,36,17,20,7.4,2.4,1027.8,11.7,42,3,27.39,-0.44,0.9
2014/12/26,2,8,9,13,14,18,37,11,25,6.1,-0.5,1016.2,4.7,28,-3,4.86,0.86,0.51
2015/1/9,1,5,7,14,15,25,35,18,24,6.9,0.4,1008.9,1.8,30,-3,18.86,-0.77,-0.64
2015/1/16,4,5,15,25,26,29,32,11,27,10,6.5,1011.6,10,53,-40,25.86,-0.7,0.71
2015/1/23,2,5,11,14,17,30,32,31,37,6,1,1008.3,5.5,36,-60,3.33,0.65,0.76
2015/1/30,13,19,20,27,28,29,30,26,36,2.5,-2.8,1007.8,-15.9,94,49,10.33,0.81,-0.59
2015/2/6,1,8,13,14,18,30,34,26,36,7.5,5.8,1015.6,7.3,37,-58,17.33,-0.52,-0.85
2015/2/13,9,11,14,21,22,23,24,10,36,4.3,-5,1002.2,3.7,27,-22,24.33,-0.89,0.45
2015/2/20,7,13,14,16,22,24,35,1,29,6.8,-0.8,1019.8,10.4,62,-7,1.8,0.37,0.93
2015/2/27,3,9,11,13,19,25,33,10,30,7.8,1.6,1008.5,-2.3,32,-64,8.8,0.95,-0.3
2015/3/6,13,17,22,24,27,28,35,11,19,7.8,-2.4,1020.9,5.8,58,34,15.8,-0.22,-0.98
2015/3/13,1,2,11,16,25,35,36,9,14,10.4,0.1,1011.3,4.5,47,14,22.8,-0.99,0.14
2015/3/20,11,12,21,23,28,36,37,3,16,13.1,0.5,1010.9,6.3,69,-24,0.27,0.06,1
2015/3/27,1,4,8,27,28,29,31,13,25,14.3,3.1,1017.9,-6.4,33,-9,7.27,1,0.02
2015/4/3,2,3,11,12,22,35,36,30,34,19.9,6.8,1001.8,-14.8,84,29,14.27,0.11,-0.99
2015/4/10,7,9,11,15,16,22,37,12,13,8.1,-1.6,1020.9,-3.6,91,41,21.27,-0.98,-0.19
2015/4/17,3,15,19,20,26,28,33,17,21,13.4,-4.1,1006.8,-0.5,85,23,28.27,-0.26,0.96
2015/4/24,6,10,12,19,21,22,30,1,11,18.4,-1.3,1011.2,-6.6,67,8,5.74,0.94,0.34
2015/5/1,3,8,9,13,17,27,33,29,31,22.3,1.8,1010.3,-1.9,55,-5,12.74,0.42,-0.91
2015/5/8,2,6,7,8,28,30,36,18,21,21.8,-0.3,1008.4,0.5,55,11,19.74,-0.87,-0.49
2015/5/15,6,17,20,21,24,30,32,7,23,23.8,-0.2,1005.4,-0.1,73,35,26.74,-0.56,0.83
2015/5/22,4,12,22,30,31,35,36,19,37,22,0.8,1008.5,1.9,46,1,4.21,0.78,0.62
2015/5/29,7,8,9,24,28,30,33,1,34,20.4,-4,1003.6,-7.2,95,37,11.21,0.69,-0.73
2015/6/5,6,7,10,15,27,35,36,13,20,18.8,-6.4,1006.3,4,90,63,18.21,-0.67,-0.74
2015/6/12,4,6,7,9,15,17,37,14,20,22.8,-1.1,1001.6,-4.3,86,14,25.21,-0.8,0.61
2015/6/19,8,13,26,27,28,29,37,4,12,18.3,-4.1,1004.1,-4.3,95,28,2.68,0.54,0.84
2015/6/26,6,8,13,14,20,25,27,24,26,21.7,-4.1,1000.9,-3.3,95,39,9.68,0.88,-0.47
2015/7/3,9,14,23,27,28,31,32,3,20,22.5,-1.6,1002.6,3.2,100,20,16.68,-0.4,-0.92
2015/7/10,9,10,20,28,31,34,37,23,26,26.7,7.1,1010.3,-3.1,67,-30,23.68,-0.95,0.32
2015/7/17,5,8,9,24,27,28,30,16,20,27.7,0.2,1004.8,0.4,76,-7,1.15,0.24,0.97
2015/7/24,3,6,8,14,15,25,36,24,35,28.2,0.2,1007.4,2.3,80,8,8.15,0.99,-0.16
2015/7/31,2,16,18,26,32,35,37,9,36,31.5,1.3,1005.8,0,64,-10,15.15,-0.08,-1
2015/8/7,2,4,13,16,21,30,37,19,29,32.4,1.1,1010.7,0.6,62,-3,22.15,-1,0
2015/8/14,2,16,18,26,27,34,35,5,12,29.1,0.6,999.6,0.8,77,1,29.15,-0.08,1
2015/8/21,1,3,5,8,29,34,36,23,28,25.5,-0.8,1002.1,-4.5,100,16,6.62,0.99,0.16
2015/8/28,1,2,15,17,18,22,36,6,27,22.3,-2.4,1009.8,3,77,-1,13.62,0.24,-0.97
2015/9/4,1,6,11,14,19,28,35,18,21,24.2,-0.6,1004.1,-3.5,91,4,20.62,-0.95,-0.32
2015/9/11,4,10,13,16,17,21,27,1,18,25.2,4.6,1001.7,-2.4,76,-22,27.62,-0.4,0.92
2015/9/18,10,12,15,23,28,30,35,6,25,22.3,3.8,1006.1,-5,96,-3,5.09,0.88,0.47
2015/9/25,2,4,8,23,26,27,32,3,35,17.8,-2.3,1004,-4.9,99,18,12.09,0.54,-0.84
2015/10/2,5,7,11,19,24,27,30,29,35,23.8,4.7,1006.6,-0.1,75,-23,19.09,-0.8,-0.61
2015/10/9,1,15,20,23,25,31,32,5,24,21.3,0.7,1005.8,7.1,58,27,26.09,-0.67,0.74
2015/10/16,3,4,12,17,32,34,36,23,31,15.7,-5,1016.7,-0.6,93,28,3.56,0.69,0.73
2015/10/23,7,10,14,16,20,30,31,35,37,19.3,1.6,1016.4,-0.4,68,-2,10.56,0.78,-0.63
2015/10/30,3,7,13,15,17,21,30,14,27,16.6,-0.5,1014.1,-0.1,66,-3,17.56,-0.56,-0.83
2015/11/6,4,9,20,28,30,34,35,12,29,18.5,1.8,1021.8,-1.3,60,-12,24.56,-0.87,0.49
2015/11/13,8,9,13,14,24,32,34,3,4,14.4,0.3,1027.1,-1.6,73,17,2.03,0.42,0.91
2015/11/20,10,17,24,27,30,33,37,18,31,14.4,-0.5,1017.6,-1.2,75,8,9.03,0.94,-0.34
2015/11/27,13,19,21,25,27,32,35,16,20,9.5,-1,1011,7.4,40,-46,16.03,-0.27,-0.96
2015/12/4,2,5,17,20,21,32,33,30,35,10,-1.4,1005.1,9.5,38,-59,23.03,-0.98,0.19
2015/12/11,9,16,18,21,23,34,35,4,36,18.1,7.2,994.9,-26.3,51,-12,0.5,0.11,0.99
2015/12/18,3,11,12,13,17,26,35,1,33,9.1,-1.6,1020.9,11,38,1,7.5,1,-0.02
2015/12/25,2,10,18,30,31,32,36,21,29,10.4,-1.7,1006,-2.7,33,-44,14.5,0.06,-1
2016/1/8,6,12,14,18,21,27,28,1,33,8,-1.9,1008.3,-2.3,47,13,28.5,-0.22,0.98
2016/1/15,1,3,8,14,28,29,33,4,31,6.5,0.1,1013.9,5.1,66,14,5.96,0.95,0.3
2016/1/22,2,9,13,18,22,32,36,17,26,6.4,0.1,1018.2,3.8,30,-6,12.96,0.37,-0.93
2016/1/29,10,12,18,28,29,30,35,4,19,4.2,-4,1020.5,-0.8,92,52,19.96,-0.89,-0.45
2016/2/5,4,10,25,27,28,33,34,15,35,10.3,3.1,1012.2,-2.7,36,-23,26.96,-0.52,0.85
2016/2/12,1,5,7,12,15,24,25,8,14,10.2,4.4,1025.7,-3,65,21,4.43,0.81,0.59
2016/2/19,1,9,11,16,20,30,34,12,33,12.4,3.4,1022.9,1.8,44,-12,11.43,0.65,-0.76
2016/2/26,1,4,15,19,22,23,31,12,32,6.8,2.2,1019.9,-2.7,46,-2,18.43,-0.7,-0.71
2016/3/4,6,7,14,20,27,31,34,11,24,11.4,0.9,1027.8,9.6,61,9,25.43,-0.77,0.64
2016/3/11,9,10,13,15,21,22,24,4,8,4.8,-2.1,1015.4,0.7,67,2,2.9,0.58,0.82
2016/3/18,8,12,17,21,23,24,31,6,7,17.2,1.6,1013.9,-4.1,55,7,9.9,0.86,-0.51
2016/3/25,7,9,10,16,20,28,37,2,33,10.1,2.2,1015.1,3,27,-34,16.9,-0.44,-0.9
2016/4/1,2,4,19,21,24,28,35,3,13,11.4,-4.6,1019,4,67,24,23.9,-0.93,0.36
2016/4/8,2,9,13,18,22,24,26,10,37,15.8,-1.2,1007.7,10.6,65,-32,1.37,0.29,0.96
2016/4/15,4,9,16,19,22,33,34,17,36,15.6,-0.9,1014,13.5,24,-67,8.37,0.98,-0.21
2016/4/22,5,9,16,26,28,29,32,1,37,17.2,0.6,1006.4,-1.5,66,-29,15.37,-0.13,-0.99
2016/4/29,3,6,7,30,32,36,37,5,20,14.7,-0.1,1001.6,10.5,31,-69,22.37,-1,0.05
2016/5/6,10,14,17,21,23,27,31,16,24,17.7,-5.3,1013.2,5.5,94,60,29.37,-0.03,1
2016/5/13,1,2,8,24,32,36,37,23,33,22.1,-0.5,1014.8,1.2,50,-6,6.84,0.99,0.11
2016/5/20,8,14,17,18,20,22,34,4,30,18.2,-1.9,1016.3,-1.3,57,14,13.84,0.2,-0.98
2016/5/27,2,7,8,12,14,23,27,6,10,18.8,-4.8,1007.4,0.6,78,11,20.84,-0.96,-0.27
2016/6/3,1,2,6,16,28,30,31,3,7,20.5,-2.2,1010,7.2,58,38,27.84,-0.35,0.94
2016/6/10,3,13,20,23,31,35,36,2,11,24.7,2.6,1011.6,5.7,53,-42,5.31,0.9,0.43
2016/6/17,9,11,14,15,16,18,27,6,20,27,5,1001.4,-0.5,69,-14,12.31,0.5,-0.87
2016/6/24,14,20,27,29,30,31,37,23,34,22.3,-4.1,1004.1,5.3,91,22,19.31,-0.82,-0.57
2016/7/1,1,3,5,7,10,26,36,19,37,27,2.1,1009.8,0.8,75,-4,26.31,-0.63,0.77
2016/7/8,3,9,12,14,19,20,36,2,5,26.8,-0.9,1009.6,-0.3,74,5,3.78,0.72,0.69
2016/7/15,1,5,10,20,21,28,30,25,26,21.9,-3.2,998.8,5.7,92,7,10.78,0.75,-0.66
2016/7/22,3,5,6,9,27,32,36,12,24,22.3,0.7,1010.9,0.8,71,-27,17.78,-0.6,-0.8
2016/7/29,1,2,6,21,23,27,28,11,16,28.6,0.4,1010.1,0.4,61,-9,24.78,-0.85,0.53
2016/8/5,5,20,21,27,30,31,36,9,26,29.4,0.2,1006.7,0.4,74,10,2.25,0.46,0.89
2016/8/12,7,9,19,22,24,27,30,4,28,26.9,-1.3,1006.1,-0.6,71,9,9.25,0.92,-0.39
2016/8/19,10,13,14,15,23,31,32,4,29,28.1,2,1004.4,0.5,77,-23,16.25,-0.31,-0.95
2016/8/26,6,17,21,31,33,35,37,14,18,29.2,0.4,1000.1,-4,68,-1,23.25,-0.97,0.23
2016/9/2,1,11,12,17,22,30,35,15,16,28.2,0.5,1009.9,3.5,73,3,0.72,0.15,0.99
2016/9/9,9,15,19,23,25,34,36,2,35,27.7,2,1002.8,5.2,79,-19,7.72,1,-0.07
2016/9/16,6,9,11,15,26,34,36,13,37,22.8,-1.3,1013.2,0.6,95,16,14.72,0.01,-1
2016/9/23,4,9,12,13,22,26,36,5,33,21.3,1.5,1011.9,-2.3,100,1,21.72,-1,-0.09
2016/9/30,1,8,11,21,23,25,28,5,37,21.9,-1.9,1013.7,5.3,64,-17,28.72,-0.17,0.99
2016/10/7,7,8,10,13,19,23,24,15,27,20.7,-5.4,1022,9.6,59,1,6.19,0.97,0.25
2016/10/14,1,7,10,11,20,23,30,3,37,15.8,-0.5,1021.9,2.6,56,-10,13.19,0.33,-0.94
2016/10/21,6,15,20,26,33,34,37,19,29,17.6,-5.3,1015.6,5.1,73,34,20.19,-0.91,-0.4
2016/10/28,7,14,18,22,23,26,34,2,32,10.8,-7.4,1012.1,-6.7,99,59,27.19,-0.48,0.88
2016/11/4,1,2,4,16,26,29,34,11,12,14.9,0.4,1012.9,3.6,47,6,4.66,0.84,0.55
2016/11/11,5,14,16,19,31,33,37,21,28,10.9,0.4,1014.8,-7.4,98,40,11.66,0.61,-0.79
2016/11/18,4,6,10,23,24,32,36,15,31,14.5,0.9,1021.4,3.2,70,-6,18.66,-0.74,-0.68
2016/11/25,6,15,19,25,26,30,31,14,18,7.7,5,1018.5,1.6,68,-28,25.66,-0.73,0.68
2016/12/2,3,7,8,10,18,23,35,1,19,11.1,-3,1019.2,10.1,46,-45,3.13,0.62,0.79
2016/12/9,2,11,12,18,21,33,36,8,34,14.1,4.2,1004,-11.6,46,5,10.13,0.83,-0.55
2016/12/16,8,15,21,24,26,27,29,7,30,5.1,-1.8,1011.9,0.9,33,-5,17.13,-0.48,-0.88
2016/12/23,12,13,14,19,25,33,34,3,22,12.6,-6.9,1001.3,-6.2,42,-36,24.13,-0.91,0.41
2016/12/30,4,6,20,21,22,24,31,9,10,6.1,0.8,1022.3,12.6,39,-22,1.6,0.33,0.94
2017/1/6,3,6,27,30,31,32,36,14,23,6,0,1021.7,4.7,39,-4,8.6,0.97,-0.26
2017/1/13,4,7,12,20,23,24,31,26,35,8.3,-0.3,998.5,-2.2,42,0,15.6,-0.18,-0.98
2017/1/20,7,13,15,25,30,32,37,8,14,2.5,-4.8,1003.1,-12,81,42,22.6,-1,0.1
2017/1/27,6,8,10,12,16,21,28,14,23,13.7,8.2,1012.1,-11.9,39,-7,0.07,0.01,1
2017/2/3,18,21,31,32,33,36,37,5,25,8.5,3.2,1013.7,3.4,30,2,7.07,1,0.07
2017/2/10,1,9,17,20,22,28,29,13,16,4.6,3.5,999.4,2.9,37,-62,14.07,0.15,-0.99
2017/2/17,13,14,17,21,27,28,34,1,11,16.9,6.6,1003.3,-15.6,62,-6,21.07,-0.97,-0.23
2017/2/24,8,11,17,24,28,31,32,12,34,7.8,-6,1012,17.3,27,-42,28.07,-0.31,0.95
2017/3/3,3,7,11,16,22,34,37,29,32,8.7,1.3,1010.3,9.5,34,-66,5.54,0.92,0.38
2017/3/10,6,13,17,22,32,33,36,12,28,9.8,0.1,1009,7,26,-8,12.54,0.46,-0.89
2017/3/17,5,19,20,21,30,34,36,7,12,11.3,1.6,1015.1,2.9,35,-19,19.54,-0.85,-0.53
2017/3/24,4,5,19,31,35,36,37,27,32,8.1,-4,1013.4,2.3,32,-8,26.54,-0.59,0.8
2017/3/31,1,6,7,11,27,35,36,22,26,5.8,-8.1,1015,3.6,91,24,4.01,0.75,0.66
2017/4/7,4,5,10,13,28,32,33,19,26,18.3,1.6,1011.2,-7,83,11,11.01,0.72,-0.7
2017/4/14,4,13,16,18,22,26,33,27,29,17.1,2.7,1011.7,1.4,62,8,18.01,-0.64,-0.77
2017/4/21,3,4,6,13,22,31,36,28,34,16.6,0,1002,-6.9,69,16,25.01,-0.82,0.57
2017/4/28,2,4,6,11,15,19,36,23,34,17.1,2.1,1002.5,-0.4,38,-25,2.48,0.5,0.86
2017/5/5,7,15,22,25,31,32,35,29,36,22,3.3,1010.9,-8,57,3,9.48,0.9,-0.43
2017/5/12,4,6,10,19,20,24,29,1,27,21.3,-2.4,1011.6,6.8,75,20,16.48,-0.36,-0.93
2017/5/19,5,13,15,18,19,24,35,20,23,21.7,5.4,1012.3,0.1,58,-40,23.48,-0.96,0.28
2017/5/26,2,6,9,12,31,36,37,3,22,19.3,-2.1,1001.9,-0.6,92,17,0.94,0.2,0.98
2017/6/2,11,12,13,21,29,36,37,7,9,24.1,2,992.4,-1,23,-62,7.94,0.99,-0.12
2017/6/9,9,14,22,24,25,36,37,8,28,23.9,0.6,1002.8,2,59,-19,14.94,-0.04,-1
2017/6/16,4,6,26,27,28,35,36,24,34,21.8,-1.2,1003.2,-0.2,70,6,21.94,-1,-0.04
2017/6/23,15,16,17,21,26,29,30,10,34,25.9,0.8,1004.2,-0.6,65,4,28.94,-0.12,0.99
2017/6/30,6,9,13,14,21,25,31,2,4,24.7,-1.8,1006,-4.2,84,17,6.41,0.98,0.2
2017/7/7,7,9,11,18,25,28,35,20,27,28.4,0.8,1007,-0.6,68,0,13.41,0.28,-0.96
2017/7/14,1,2,9,11,17,30,35,13,36,28.6,0.2,1008.7,2.4,71,-3,20.41,-0.93,-0.36
2017/7/21,3,9,18,21,23,27,29,35,37,29.3,-0.1,1009.4,0.8,67,-2,27.41,-0.44,0.9
2017/7/28,10,13,19,21,26,33,34,24,25,28.8,4.8,1005.1,-3.2,77,-12,4.88,0.86,0.51
2017/8/4,2,4,7,10,12,29,34,1,21,27.4,1,1007.1,-1.2,81,8,11.88,0.58,-0.82
2017/8/11,13,15,17,18,20,21,26,25,29,24,-1.3,1002.6,4.3,85,2,18.88,-0.77,-0.64
2017/8/18,12,17,21,24,26,30,32,10,22,26.9,0.3,1006.5,0.1,87,9,25.88,-0.7,0.71
2017/8/25,2,3,7,9,22,23,26,29,30,32.7,2.1,1001.6,-0.6,60,-3,3.35,0.65,0.76
2017/9/1,6,11,14,21,24,28,31,22,36,21.3,0,1005.1,2.1,63,-13,10.35,0.81,-0.59
2017/9/8,2,3,9,30,33,36,37,1,32,25.6,2.9,1004.3,5.5,73,-27,17.35,-0.52,-0.85
2017/9/15,3,5,8,15,22,25,27,18,31,23.8,-2.4,1014,3.2,65,-7,24.35,-0.89,0.45
2017/9/22,4,15,18,24,25,34,36,10,26,21.2,-4.3,1014,4.2,93,39,1.82,0.38,0.93
2017/9/29,2,4,7,9,15,35,37,10,23,20.9,4,1011.4,10.6,71,-23,8.82,0.95,-0.3
2017/10/6,3,13,17,25,26,27,29,8,37,14.2,-3.1,1023.4,-2.1,97,42,15.82,-0.22,-0.97
2017/10/13,7,14,15,16,23,25,30,5,34,14.9,-10,1017.4,8.1,98,18,22.82,-0.99,0.14
2017/10/20,2,9,13,18,21,33,34,3,11,16.1,4.7,1013.7,-4.3,96,-4,0.29,0.06,1
2017/10/27,19,22,23,34,35,36,37,10,30,17,1.8,1021,2.5,73,9,7.29,1,0.02
2017/11/3,3,4,7,19,20,21,29,8,33,16.5,-0.3,1011.3,-5,81,13,14.29,0.1,-0.99
2017/11/10,3,21,26,33,34,35,37,23,31,13.7,-0.9,1013.9,-1.8,84,47,21.29,-0.98,-0.18
2017/11/17,8,13,17,21,23,28,37,1,14,11.2,-1.1,1017.7,4,65,16,28.29,-0.26,0.97
2017/11/24,9,12,14,24,29,31,35,5,30,9.9,-2.3,1013.7,11.2,44,-17,5.76,0.94,0.34
2017/12/1,5,11,12,19,21,26,28,4,20,9.6,-0.3,1015.2,3.5,76,-12,12.76,0.41,-0.91
2017/12/8,1,5,13,17,31,32,35,19,24,7.6,1,1004.6,-9.4,70,2,19.76,-0.87,-0.49
2017/12/15,6,9,13,18,20,22,30,11,14,5.8,-1.6,1019.2,-1.4,60,25,26.76,-0.56,0.83
2017/12/22,2,9,17,22,32,34,36,11,12,6.2,-1.6,1020.6,-2.9,70,6,4.23,0.78,0.62
2017/12/29,2,8,9,11,24,26,27,7,36,6.8,1.2,1009.7,-5.6,39,5,11.23,0.68,-0.73
2018/1/5,3,6,9,19,23,25,31,21,36,4.7,-0.9,1010.4,-4.3,71,36,18.23,-0.67,-0.74
2018/1/12,10,12,13,16,34,35,36,11,37,2.5,-3.5,1017.7,7.6,35,15,25.23,-0.79,0.61
2018/1/19,1,5,6,22,25,27,31,12,18,9.7,0.9,1015.6,4.3,52,-37,2.7,0.54,0.84
2018/1/26,9,20,28,29,31,34,37,5,25,1,-0.2,1005.2,-2.2,32,-2,9.7,0.88,-0.47
2018/2/2,5,9,10,13,26,30,34,18,23,3,0.3,1020.7,-1.9,88,-9,16.7,-0.4,-0.92
2018/2/9,1,15,20,26,28,34,37,23,30,5.7,1.1,1021.3,3.9,58,9,23.7,-0.95,0.32
2018/2/16,8,23,24,25,27,30,31,11,17,7.1,-3.6,1009.8,1.5,66,0,1.17,0.25,0.97
2018/2/23,6,7,9,12,15,17,24,26,29,4.9,2.2,1017.4,-0.8,85,-7,8.17,0.99,-0.17
2018/3/2,1,12,14,18,23,24,31,7,26,10.3,-6.3,1008.5,21,33,7,15.17,-0.09,-1
2018/3/9,1,4,11,13,15,21,32,5,10,11.1,3.8,1005.6,-7.9,58,-42,22.17,-1,0
2018/3/16,14,21,24,27,30,33,37,19,20,9.6,-7.7,1012,1.3,86,25,29.17,-0.08,1
2018/3/23,5,15,16,26,27,32,35,23,28,12.9,0.3,1011.5,17.7,64,-19,6.64,0.99,0.16
2018/3/30,1,3,11,20,23,32,35,25,26,12.5,-6.1,1019.4,10.6,47,-18,13.64,0.24,-0.97
2018/4/6,5,6,15,19,22,29,32,4,31,18.5,5.7,999.6,-16.9,90,16,20.64,-0.95,-0.32
2018/4/13,4,8,12,23,29,31,34,5,6,16.4,-2.4,1019.4,14.2,27,-29,27.64,-0.39,0.92
2018/4/20,4,14,15,17,21,23,26,7,8,19.9,1.7,1015.7,4.3,59,-12,5.11,0.89,0.47
2018/4/27,2,6,7,9,19,23,36,5,15,19.2,0.4,1003.6,-5.9,74,11,12.11,0.54,-0.84
2018/5/4,1,5,11,16,27,35,36,6,14,17,-5.7,1005.9,11.8,60,1,19.11,-0.8,-0.6
2018/5/11,8,13,15,17,21,26,29,4,24,18.7,6.6,1013,-1.1,65,-27,26.11,-0.67,0.75
2018/5/18,12,13,15,19,21,24,36,10,37,23.1,-2.5,1000.5,-2.4,84,12,3.58,0.69,0.72
2018/5/25,6,11,15,17,20,27,32,16,22,24.7,1.7,1001.8,-0.2,62,-11,10.58,0.78,-0.63
2018/6/1,8,13,18,20,23,25,26,6,28,22,1.4,1009.6,8,60,-22,17.58,-0.56,-0.83
2018/6/8,4,5,9,15,29,31,33,26,27,24.8,0.1,1001.8,-7.8,73,6,24.58,-0.87,0.49
2018/6/15,1,9,15,24,31,33,36,2,26,16.7,-3.7,1005.3,-2.3,95,19,2.05,0.42,0.91
2018/6/22,1,2,11,13,15,24,25,26,28,25.3,2.2,1004.5,5.1,75,-10,9.05,0.94,-0.35
2018/6/29,1,9,15,16,19,32,35,14,31,28.6,0.7,1009.2,5.5,72,-2,16.05,-0.27,-0.96
2018/7/6,2,5,8,15,18,26,31,19,25,19.3,-8.2,1009.4,7.4,99,26,23.05,-0.98,0.19
2018/7/13,13,15,21,23,26,32,34,5,9,30.6,2.9,1005.6,-3.4,64,-15,0.52,0.11,0.99
2018/7/20,9,14,21,23,25,26,37,7,29,29.9,-0.5,1008.1,1,74,2,7.52,1,-0.03
2018/7/27,8,9,15,19,24,25,35,34,37,25.9,-1.6,1005.3,-0.8,61,3,14.52,0.05,-1
2018/8/3,3,6,12,17,22,34,35,2,33,30.4,-2.1,1002.8,1.1,76,11,21.52,-0.99,-0.13
2018/8/10,6,7,9,11,21,23,25,1,22,29,-0.5,997.8,2.4,82,7,28.52,-0.21,0.98
2018/8/17,6,9,14,21,23,33,36,27,28,26.9,-2.8,1005.6,3.7,34,-34,5.99,0.96,0.29
2018/8/24,7,11,15,17,19,23,31,9,37,29,-0.9,1006.5,-3.3,77,3,12.99,0.37,-0.93
2018/8/31,4,9,10,11,24,32,35,2,37,26.3,-3.2,1005.1,-1.3,79,9,19.99,-0.9,-0.44
2018/9/7,1,2,17,19,20,22,26,30,36,28.3,0.3,1006,0.6,72,9,26.99,-0.52,0.86
2018/9/14,10,17,18,25,29,35,36,7,14,21.6,-2,1015.3,-1.1,85,6,4.46,0.81,0.58
2018/9/21,13,14,15,17,23,29,31,10,19,18.7,0,1009.3,-3.8,100,3,11.46,0.65,-0.76
2018/9/28,6,7,10,25,29,30,33,1,31,21.4,4.9,1015.2,6.3,70,-28,18.46,-0.71,-0.71
2018/10/5,11,15,21,26,30,34,35,4,36,18.5,-2.2,1021.1,-3.4,100,28,25.46,-0.76,0.65
2018/10/12,4,5,14,17,18,29,37,27,31,20,-3.1,1016.7,7.6,73,-16,2.92,0.58,0.81
2018/10/19,2,7,10,20,24,29,34,4,8,16.4,-1.1,1014.7,0.4,86,10,9.92,0.86,-0.51
2018/10/26,1,8,9,16,27,32,37,17,31,19.3,0,1016.2,0.4,66,9,16.92,-0.44,-0.9
2018/11/2,2,7,10,12,16,17,34,23,25,14,-0.8,1022.1,5,58,10,23.92,-0.93,0.37
2018/11/9,3,13,22,26,31,32,37,29,35,16.6,-1.2,1014.7,-6.9,100,24,1.39,0.29,0.96
2018/11/16,1,11,18,19,21,29,37,5,15,14.4,0.9,1016.6,-3.6,72,17,8.39,0.98,-0.21
2018/11/23,12,15,25,26,27,29,35,24,30,11.5,1.6,1018.2,11.8,39,-43,15.39,-0.13,-0.99
2018/11/30,11,13,15,20,27,29,35,1,7,14,0.5,1018.9,2,51,-14,22.39,-1,0.05
2018/12/7,3,4,6,10,14,22,29,28,32,13.3,3.3,1007.4,-1,89,-10,29.39,-0.03,1
2018/12/14,4,5,6,8,9,22,32,13,26,6.3,0.7,1020,2.3,41,-51,6.86,0.99,0.11
2018/12/21,1,8,10,12,18,28,29,25,27,9,-0.9,1021.5,5.1,54,-13,13.86,0.19,-0.98
2018/12/28,2,3,11,16,23,28,36,8,24,4.8,-4.1,1010.1,7.4,36,-27,20.86,-0.96,-0.27
2019/1/4,1,3,8,11,18,19,22,26,30,4.8,-1.3,1021.1,-0.7,67,26,27.86,-0.35,0.94
2019/1/11,1,6,10,13,16,26,36,28,30,8.4,5.2,1017.2,6.2,36,-11,5.33,0.91,0.42
2019/1/18,4,7,21,31,33,34,35,6,12,6.8,-0.7,1015,10.6,31,-34,12.33,0.49,-0.87
2019/1/25,4,11,12,25,27,30,33,5,19,6.4,0.8,1010.6,-1.4,45,9,19.33,-0.83,-0.56
2019/2/1,8,16,26,27,28,32,34,4,25,4.2,-3,1010.6,9.1,36,-45,26.33,-0.63,0.78
2019/2/8,4,7,14,17,21,34,37,10,30,5.7,-8.8,1014.6,12.7,32,-28,3.8,0.72,0.69
2019/2/15,7,9,10,17,28,33,36,18,23,4.4,-1,1016.5,-6.4,84,52,10.8,0.75,-0.67
2019/2/22,6,17,23,24,27,28,31,10,18,11.1,-0.9,1013,-2.6,75,43,17.8,-0.6,-0.8
2019/3/1,12,13,15,22,25,33,35,1,31,8,0.5,1011.6,4,76,-24,24.8,-0.84,0.54
2019/3/8,5,8,15,24,25,32,35,20,26,8.6,0.7,1019.4,18.5,37,-61,2.27,0.46,0.89
2019/3/15,5,6,11,15,20,32,33,13,25,11.8,3.4,1013.9,-1.8,63,22,9.27,0.92,-0.39
2019/3/22,1,7,13,14,16,21,22,18,34,15.1,-3.3,1002.6,3,32,-43,16.27,-0.32,-0.95
2019/3/29,17,25,26,28,31,32,37,6,9,7.6,-5.5,1014.2,7.6,63,15,23.27,-0.97,0.24
2019/4/5,9,11,18,24,26,27,37,30,33,18.2,4.8,996.1,-12.2,38,-8,0.74,0.16,0.99
2019/4/12,1,2,4,18,20,29,34,17,30,10.3,-1.2,1013.4,6.3,43,1,7.74,1,-0.08
2019/4/19,9,13,16,23,28,29,30,1,20,19.8,1.7,1004.8,-4,69,8,14.74,0.01,-1
2019/4/26,3,6,8,19,32,34,35,12,30,11,-11.1,1002.8,4,91,7,21.74,-1,-0.09
2019/5/3,3,11,18,26,30,33,37,28,31,21.1,1.7,1010.8,6.4,41,1,28.74,-0.17,0.99
2019/5/10,3,9,10,17,30,33,34,6,8,22.8,2.7,1009.4,5.9,39,-4,6.21,0.97,0.25
2019/5/17,7,8,14,15,16,20,29,18,19,21,0.2,1017.1,4.4,57,-4,13.21,0.32,-0.95
2019/5/24,4,5,10,12,27,34,36,3,14,26.4,3.1,1007.8,2.9,29,-18,20.21,-0.92,-0.4
2019/5/31,2,6,14,23,28,31,35,19,27,21.7,-0.5,1005.7,-4.1,72,18,27.21,-0.47,0.88
2019/6/7,5,6,18,22,26,33,34,36,37,19.2,-8.3,1001.4,-6.6,100,39,4.68,0.84,0.54
2019/6/14,15,24,27,28,29,34,35,9,25,22.4,-0.5,1009.6,0.1,67,-2,11.68,0.61,-0.79
2019/6/21,1,10,11,21,26,29,30,14,20,25,-0.3,1005.4,2.2,77,7,18.68,-0.74,-0.67
2019/6/28,11,14,15,21,26,34,36,23,27,28.3,2,998.2,-4,76,-2,25.68,-0.73,0.68
2019/7/5,9,13,16,17,18,19,20,30,36,23,1.2,1003.7,1.1,77,-13,3.15,0.62,0.78
2019/7/12,4,14,17,18,21,31,33,6,20,21,1.8,1001.5,-8.8,98,-1,10.15,0.83,-0.56
2019/7/19,1,2,17,18,24,27,29,12,32,28.9,2,1008,-1.6,75,-7,17.15,-0.49,-0.87
2019/7/26,1,3,13,14,16,30,31,2,17,28.8,0.3,1008.8,2.1,72,-9,24.15,-0.91,0.41
2019/8/2,3,9,10,14,19,24,30,18,21,30.7,-1.4,1007.4,-0.1,76,5,1.62,0.34,0.94
2019/8/9,3,10,19,20,26,28,30,15,25,30.1,-0.3,1005,-0.2,62,-12,8.62,0.97,-0.26
2019/8/16,3,4,10,12,17,18,20,19,32,30,2.8,994.8,-3.3,71,-25,15.62,-0.18,-0.98
2019/8/23,5,7,11,12,15,18,20,19,30,24.9,-2,1002.4,-4.2,96,11,22.62,-0.99,0.1
2019/8/30,5,7,10,15,24,27,30,3,33,26.1,-3.4,1004.2,0.7,86,15,0.09,0.02,1
2019/9/6,1,4,10,11,16,24,34,30,32,29.1,1.6,1012.8,-1.5,73,-3,7.09,1,0.06
2019/9/13,3,7,15,16,30,34,35,8,29,22.7,-1.6,1014.3,2.7,66,6,14.09,0.14,-0.99
2019/9/20,9,10,17,18,22,25,35,13,14,23.9,0.2,1014.8,3.9,67,-3,21.09,-0.97,-0.22
2019/9/27,9,10,13,21,25,31,33,24,37,24.4,1.1,1022.2,-1.2,73,2,28.09,-0.3,0.95
2019/10/4,5,7,10,12,14,24,35,11,33,26.6,1.5,998,-12.8,61,-9,5.56,0.93,0.38
2019/10/11,7,9,16,17,23,27,34,15,36,21.5,-1,1009.8,-4.8,100,38,12.56,0.45,-0.89
2019/10/18,11,15,18,20,23,25,32,9,37,16.6,0.9,1024.2,1.8,88,-12,19.56,-0.85,-0.52
2019/10/25,6,14,17,26,27,30,36,12,28,15.1,-3.1,1004.3,-16.7,100,24,26.56,-0.59,0.81
2019/11/1,4,11,17,27,29,31,36,19,24,16.6,0.4,1011.4,-3.3,82,-4,4.03,0.76,0.65
2019/11/8,3,6,24,28,32,35,36,4,8,15.3,-4.5,1013.8,7.4,58,9,11.03,0.71,-0.7
2019/11/15,17,19,22,29,30,31,32,11,16,11.6,-5.2,1012.9,5.1,81,46,18.03,-0.64,-0.77
2019/11/22,11,19,28,29,31,32,37,12,21,8.2,-3.7,1027.4,-1.5,99,51,25.03,-0.82,0.58
2019/11/29,6,9,10,18,28,31,32,24,35,5,-1.8,1020.7,1,63,-22,2.5,0.51,0.86
2019/12/6,11,16,18,23,30,31,35,3,27,8.4,-1.2,1023.8,6.5,49,-3,9.5,0.9,-0.43
2019/12/13,3,6,11,13,18,20,34,25,35,8,-3.6,1024,11.7,58,21,16.5,-0.36,-0.93
2019/12/20,2,5,17,18,19,20,33,1,24,12.1,3.3,1017.6,1.3,39,-49,23.5,-0.96,0.28
2019/12/27,4,10,11,15,18,22,34,16,32,8.2,-1.2,1008.2,0.2,50,-17,0.97,0.2,0.98
2020/1/10,10,19,21,23,24,30,37,2,28,8.5,-2.7,1014.8,5.8,62,26,14.97,-0.04,-1
2020/1/17,8,13,17,19,23,25,28,5,16,8.6,1.5,1015.1,-3.2,57,9,21.97,-1,-0.04
2020/1/24,3,4,14,18,26,30,32,28,34,10.1,3.9,1019.1,3.9,86,-8,28.97,-0.12,0.99
2020/1/31,11,15,22,23,24,29,33,19,34,7.2,-5.1,1003.4,8.7,40,-15,6.44,0.98,0.2
2020/2/7,1,2,8,10,13,25,31,23,35,3.7,1.8,1019.7,-3.2,62,29,13.44,0.28,-0.96
2020/2/14,4,6,9,10,23,27,33,14,31,12.4,-0.5,1014.1,5.2,87,15,20.44,-0.93,-0.36
2020/2/21,4,16,20,30,33,34,36,19,21,11.6,0.3,1029.8,4.6,57,1,27.44,-0.43,0.9
2020/2/28,5,8,12,13,14,24,30,27,35,8.8,1.9,1019.5,2.8,35,3,4.9,0.86,0.5
2020/3/6,5,13,14,26,32,33,34,8,11,10.8,1.3,1015.5,9.3,34,9,11.9,0.57,-0.82
2020/3/13,4,7,11,17,19,26,35,1,24,15.6,2.8,1008.1,-9.8,44,-2,18.9,-0.77,-0.64
2020/3/20,9,11,13,14,20,22,37,15,17,13.9,-3.5,1004.5,1.1,34,-37,25.9,-0.7,0.72
2020/3/27,5,9,16,20,29,33,35,2,8,18.6,2.8,1010.2,-6.3,69,14,3.37,0.66,0.75
2020/4/3,4,7,8,14,22,24,27,13,26,14.9,2.6,1015.9,6.6,63,30,10.37,0.8,-0.59
2020/4/10,13,15,17,22,26,34,36,3,19,11.9,-2,1014.4,1.9,33,-32,17.37,-0.53,-0.85
2020/4/17,3,9,10,14,16,20,27,19,33,14.4,3,1020.5,3.6,63,-4,24.37,-0.89,0.46
2020/4/24,1,4,13,14,16,22,35,10,23,15.1,1.9,1004.4,1.8,44,-12,1.84,0.38,0.92
2020/5/1,10,24,25,26,27,33,36,4,23,20.6,1.1,1008.8,-4.2,69,-1,8.84,0.95,-0.31
2020/5/8,8,14,19,20,29,30,31,7,35,17.5,-0.7,1017.4,5.4,40,-7,15.84,-0.23,-0.97
2020/5/15,7,8,9,13,21,34,35,3,20,22.7,0.7,1013.9,0.6,46,1,22.84,-0.99,0.15
2020/5/22,1,7,9,11,15,31,34,6,33,15.9,2.4,1014,0,92,-5,0.31,0.07,1
2020/5/29,7,10,16,25,26,33,34,24,35,23.1,6.3,1011,5.7,58,-39,7.31,1,0.01
2020/6/5,1,3,4,8,11,21,25,12,23,25.1,-0.5,1001.9,-0.1,70,10,14.31,0.1,-1
2020/6/12,6,8,22,23,32,33,36,9,27,27.7,4.1,1001.6,0,75,-22,21.31,-0.98,-0.18
2020/6/19,2,3,17,18,22,23,31,4,30,19,-3.7,997.6,-5.7,100,24,28.31,-0.26,0.97
2020/6/26,4,5,9,10,18,27,35,15,34,28.2,6.2,1000,-4.5,79,-14,5.78,0.94,0.33
2020/7/3,13,15,18,19,23,27,32,34,35,22.8,-5,1012.6,8.6,85,27,12.78,0.41,-0.91
2020/7/10,6,11,14,17,23,31,37,10,15,26.4,3.7,1007.9,0.2,87,-10,19.78,-0.88,-0.48
2020/7/17,6,7,10,17,25,33,36,27,32,19.8,-3.1,1008.6,3.6,99,20,26.78,-0.55,0.83
2020/7/24,1,5,9,10,14,15,29,20,28,26,3.5,1007,1.2,90,-9,4.25,0.79,0.62
2020/7/31,3,8,15,22,24,29,35,18,26,26.2,1.3,1007.3,-4.7,85,1,11.25,0.68,-0.73
2020/8/7,8,14,24,25,32,34,36,13,16,30.5,1.8,1003.4,-5.4,72,-2,18.25,-0.68,-0.74
2020/8/14,4,8,25,26,27,31,32,9,22,31.1,4.1,1005,-0.1,74,-25,25.25,-0.79,0.61
2020/8/21,2,3,5,8,19,22,37,16,28,31.1,0.7,1008.5,0.6,61,-9,2.72,0.55,0.84
2020/8/28,8,11,15,22,26,28,30,10,20,30.9,1.3,1008.2,-0.7,67,-7,9.72,0.88,-0.48
2020/9/4,3,7,15,18,26,30,31,9,33,30.5,1.4,1009.8,0.8,75,-3,16.72,-0.4,-0.91
2020/9/11,4,12,14,24,29,34,35,5,15,29.2,1.8,1011.9,3.3,71,-6,23.72,-0.94,0.33
2020/9/18,9,19,22,32,35,36,37,7,21,29.3,3.2,1002.9,-5.3,72,-13,1.19,0.25,0.97
2020/9/25,3,7,13,22,30,32,37,14,15,20.2,1.8,1000.4,-11,98,-1,8.19,0.99,-0.17
2020/10/2,1,6,8,10,18,21,32,13,28,22.7,1.9,1013.9,5.7,68,-11,15.19,-0.09,-1
2020/10/9,1,6,11,13,18,24,27,17,23,15.1,0.1,1022.4,-1,100,1,22.19,-1,0.01
2020/10/16,3,6,19,21,23,26,27,30,34,16.7,1.8,1017.1,-0.9,58,-31,29.19,-0.07,1
2020/10/23,10,23,27,32,33,35,37,24,26,17.6,-0.1,997.6,-15.6,100,27,6.66,0.99,0.15
2020/10/30,1,4,6,15,20,22,26,18,21,15.9,-1.2,1016.6,3,37,-5,13.66,0.23,-0.97
2020/11/6,7,14,15,22,27,30,31,9,32,13,-0.2,1020.4,-1.5,67,2,20.66,-0.95,-0.31
2020/11/13,6,10,22,23,27,32,33,8,19,14.1,2.4,1019.5,-9.2,79,12,27.66,-0.39,0.92
2020/11/20,1,2,5,20,26,29,32,8,9,22.3,1,1002.4,-10.2,74,-4,5.13,0.89,0.46
2020/11/27,2,3,5,8,16,20,34,26,31,11,-1.5,1015,-2.5,79,4,12.13,0.53,-0.85
2020/12/4,4,12,13,15,21,28,37,7,20,11.3,1.6,1020.9,8.1,49,-37,19.13,-0.8,-0.6
2020/12/11,3,4,10,17,20,22,33,1,6,12.2,1.8,1012.8,-0.6,73,-1,26.13,-0.66,0.75
2020/12/18,7,15,19,20,21,33,36,4,10,8,2.5,1012.7,-2.7,65,33,3.6,0.69,0.72
2020/12/25,4,17,22,28,30,31,35,25,34,9.6,-3.2,1006.7,0.8,36,3,10.6,0.77,-0.63
2021/1/8,4,5,9,14,18,30,35,1,33,3.6,-4.4,1004.5,7.7,42,8,24.6,-0.87,0.5
2021/1/15,7,9,12,17,20,26,29,4,13,6.8,-2.3,1018.4,2.7,84,23,2.07,0.43,0.9
2021/1/22,2,6,8,12,19,20,29,5,26,10.8,3.8,1013.9,-5.8,43,-9,9.07,0.94,-0.35
2021/1/29,4,8,13,16,25,30,32,9,26,5.6,3.7,1003.9,-3.2,34,-64,16.07,-0.27,-0.96
2021/2/5,3,10,16,17,24,32,36,11,29,9.1,0.3,1014.7,5.2,62,24,23.07,-0.98,0.19
2021/2/12,1,2,5,16,18,21,29,24,25,10.5,0.8,1025.3,6.6,56,20,0.54,0.11,0.99
2021/2/19,19,21,25,26,28,30,31,9,16,8.8,3,1009.5,6.9,57,18,7.54,1,-0.03
2021/2/26,16,18,19,21,29,30,35,14,28,10.1,0.9,1017,-2.6,33,-16,14.54,0.05,-1
2021/3/5,13,15,16,24,30,31,37,12,33,11.9,0.2,1018.3,-8.8,93,27,21.54,-0.99,-0.13
2021/3/12,1,2,18,21,26,29,37,9,36,14.5,2.1,1018.8,-4.8,68,5,28.54,-0.21,0.98
2021/3/19,4,11,12,21,23,27,36,9,14,13.3,-1.6,1016.6,2.3,61,-6,6.01,0.96,0.29
2021/3/26,14,20,22,29,31,33,34,15,24,14.8,0.7,1013.4,0.6,33,-49,13.01,0.37,-0.93
2021/4/2,3,10,16,18,19,34,35,27,36,17.3,0.7,1023.5,4.6,60,-7,20.01,-0.9,-0.44
2021/4/9,3,8,16,21,25,36,37,14,20,13.9,-1.4,1018,9.8,31,-34,27.01,-0.51,0.86
2021/4/16,4,8,12,13,23,32,37,16,35,15.3,3.2,1022.9,3.3,68,17,4.48,0.81,0.58
2021/4/23,8,9,10,15,16,30,31,29,36,15.4,-6.3,1018.1,4.6,51,36,11.48,0.64,-0.77
2021/4/30,4,5,13,18,23,27,32,9,11,21.2,4.7,997.5,-4.1,41,-57,18.48,-0.71,-0.7
2021/5/7,10,13,17,18,22,28,37,1,20,17.7,-2.5,1006.8,-7,96,33,25.48,-0.76,0.65
2021/5/14,3,11,14,21,26,29,34,22,33,23.7,7.1,1009.7,-1.6,61,-39,2.95,0.59,0.81
2021/5/21,4,5,11,13,24,32,34,2,3,22.8,3.1,999.3,-12.1,91,-3,9.95,0.85,-0.52
2021/5/28,9,15,18,26,28,32,37,21,36,22.1,5.9,1000.6,4.8,63,-36,16.95,-0.45,-0.89
2021/6/4,1,9,21,23,30,35,36,5,6,23.9,0.8,992.5,-18.5,97,39,23.95,-0.93,0.37
2021/6/11,1,7,9,11,29,31,32,2,6,24.1,-2.4,1016.5,1,61,6,1.42,0.3,0.95
2021/6/18,5,6,12,19,25,30,35,26,33,23.4,0.6,1001.2,-1.8,73,16,8.42,0.98,-0.22
2021/6/25,2,9,14,20,22,34,35,7,24,25,0.5,1009.4,0.7,69,5,15.42,-0.14,-0.99
2021/7/2,1,2,6,8,30,31,33,13,35,21.8,0.6,1006.9,-2.5,100,4,22.42,-1,0.06
2021/7/9,11,13,26,27,31,33,37,9,18,24.3,0.8,1004.7,-0.3,100,1,29.42,-0.02,1
2021/7/16,3,6,16,22,31,34,35,24,32,29.2,1.2,1015.9,-0.1,70,-3,6.88,0.99,0.11
2021/7/23,6,11,14,27,30,32,35,18,24,29.4,-0.5,1007.1,-1.6,64,1,13.88,0.19,-0.98
2021/7/30,2,12,17,24,28,30,32,3,27,24.6,-3.5,999.2,0.3,100,24,20.88,-0.96,-0.27
2021/8/6,7,11,12,17,19,20,26,2,3,30.2,0.4,1003.2,0.2,72,5,27.88,-0.34,0.94
2021/8/13,5,10,13,24,29,30,35,21,31,22.1,-4.3,1007,-0.6,98,12,5.35,0.91,0.42
2021/8/20,14,17,20,25,32,33,36,10,34,28.6,0.1,1013.1,0,67,-1,12.35,0.49,-0.87
2021/8/27,10,11,12,17,29,34,37,26,30,30.6,-1.5,1008,0.5,68,2,19.35,-0.83,-0.56
2021/9/3,3,5,7,11,15,17,25,13,32,20.4,0.9,1009.6,3.2,100,1,26.35,-0.63,0.78
2021/9/10,5,6,21,22,26,31,32,18,36,26.7,4.9,1010,0.5,73,-25,3.82,0.73,0.69
2021/9/17,8,10,14,15,23,25,26,1,11,24.1,1.7,1011.5,-3.1,73,2,10.82,0.74,-0.67
2021/9/24,4,13,16,21,32,34,37,27,33,25.8,-0.1,1015.6,6.9,68,-3,17.82,-0.61,-0.8
2021/10/1,1,3,6,9,26,29,31,14,18,17.7,-5.9,991.7,-14.5,90,9,24.82,-0.84,0.54
2021/10/8,5,10,17,18,19,22,32,14,35,25.3,2.9,1017.5,0.8,74,-9,2.29,0.47,0.88
2021/10/15,15,21,22,23,27,28,37,8,25,21.9,2.7,1012.7,-0.7,76,-3,9.29,0.92,-0.4
2021/10/22,6,13,14,16,19,30,32,25,36,11.2,-5.4,1011.7,-2.5,95,46,16.29,-0.32,-0.95
2021/10/29,1,5,8,26,28,32,36,23,24,16.2,-3.1,1017.6,4.1,56,23,23.29,-0.97,0.24
2021/11/5,11,15,16,17,18,27,29,25,33,14.9,0.2,1015,3.3,59,3,0.76,0.16,0.99
2021/11/12,4,22,25,27,28,30,33,2,3,14.4,-2.2,1007,4.9,46,-2,7.76,1,-0.08
2021/11/19,1,7,9,12,15,29,32,11,28,12.7,0.1,1011.6,-3.3,77,4,14.76,0,-1
2021/11/26,3,5,8,13,26,30,37,25,28,12.3,-0.9,1011.4,4.4,69,13,21.76,-1,-0.08
2021/12/3,7,21,24,29,32,36,37,22,27,10.3,0.8,1006.3,-8.5,61,10,28.76,-0.16,0.99
2021/12/10,2,21,26,27,32,33,34,8,9,9.8,-0.5,1021,-4.9,64,3,6.23,0.97,0.24
2021/12/17,2,7,12,15,21,23,30,9,31,9.4,-2.3,991.7,-20.8,97,24,13.23,0.32,-0.95
2021/12/24,2,15,22,25,28,33,37,10,17,9.8,1.6,1012.2,-6.7,58,15,20.23,-0.92,-0.4
2022/1/7,5,17,20,21,31,34,35,8,27,4.3,4.1,1018.4,0.2,48,-49,4.7,0.84,0.54
2022/1/14,2,8,10,21,24,26,35,9,13,4.9,-2.1,1008,11.9,31,-11,11.7,0.61,-0.79
2022/1/21,8,17,21,26,27,29,31,1,33,3.4,-2,1019,8.8,38,0,18.7,-0.74,-0.67
2022/1/28,1,5,8,15,18,26,36,33,34,7.4,-0.6,1010.4,-2.8,43,12,25.7,-0.73,0.69
2022/2/4,9,15,17,18,22,25,31,33,36,5.6,-0.7,1007.2,-2.9,51,16,3.17,0.62,0.78
2022/2/11,7,14,19,27,31,35,36,9,33,5.8,5.2,1018.8,5.9,69,-29,10.17,0.83,-0.56
2022/2/18,7,11,12,14,19,21,33,6,37,7.7,3,1022.5,12.9,35,5,17.17,-0.49,-0.87
2022/2/25,2,4,7,8,10,20,29,14,33,8.7,2.6,1015.4,-0.9,35,5,24.17,-0.91,0.42
2022/3/4,5,6,9,23,27,28,30,4,13,9,-3.5,1012.1,5.6,61,25,1.64,0.34,0.94
2022/3/11,2,13,19,22,32,35,37,14,33,14.3,3,1011.8,-6.6,55,5,8.64,0.96,-0.26
2022/3/18,7,11,24,27,29,34,35,4,18,4.2,-12.5,1006.4,-7.9,97,38,15.64,-0.19,-0.98
2022/3/25,3,7,13,16,19,24,30,6,10,14.4,2.9,1024.4,10.5,41,-13,22.64,-0.99,0.1
2022/4/1,7,8,13,17,30,32,36,1,10,9.4,-5.1,1020.2,8.2,28,-43,0.11,0.02,1
2022/4/8,1,4,5,13,27,31,35,15,22,16.6,1.2,1015.2,5.5,61,-13,7.11,1,0.06
2022/4/15,5,6,8,14,15,25,29,18,33,10.3,-0.4,1005.4,-10.5,94,-1,14.11,0.14,-0.99
2022/4/22,7,8,11,13,14,26,30,31,34,21.8,3.6,1004.5,-10.5,74,5,21.11,-0.98,-0.22
2022/4/29,3,12,15,16,25,29,37,26,28,12.5,-4.8,998,-17,99,47,28.11,-0.3,0.95
2022/5/6,1,6,8,13,16,30,33,23,28,19.9,-1.2,1017.9,-1,69,13,5.58,0.93,0.37
2022/5/13,2,3,9,16,27,32,36,1,34,19.6,0.3,1004.6,-8.6,100,10,12.58,0.45,-0.89
2022/5/20,3,5,7,8,11,19,34,17,32,22.1,-0.2,1010.8,-2,73,38,19.58,-0.85,-0.52
2022/5/27,5,7,8,32,33,34,36,4,6,22.6,0.4,993.8,-12.7,90,24,26.58,-0.59,0.81
2022/6/3,6,11,21,24,28,33,37,8,27,18.4,-4.9,1004.9,1.8,95,24,4.05,0.76,0.65
2022/6/10,3,17,19,21,24,32,34,27,28,23.2,2.1,1013.6,1,67,-7,11.05,0.71,-0.7
2022/6/17,1,2,22,24,26,31,37,12,19,25.7,2.8,1005.8,0.2,70,-12,18.05,-0.64,-0.77
2022/6/24,4,7,9,15,22,24,31,21,37,28.5,4.6,999.7,-8.8,69,-15,25.05,-0.82,0.58
2022/7/1,2,5,9,19,25,32,37,7,29,30.7,-1.9,1011.1,2.2,64,7,2.52,0.51,0.86
2022/7/8,6,8,11,13,16,20,32,12,34,26.9,0.4,1002.4,-4.5,61,-7,9.52,0.9,-0.44
2022/7/15,8,11,13,18,24,30,31,21,23,23.9,0.8,998.8,-3.1,100,1,16.52,-0.36,-0.93
2022/7/22,10,13,19,21,26,30,36,22,34,29.3,2.6,994.8,-7.2,74,-13,23.52,-0.96,0.29
2022/7/29,1,10,13,14,16,25,27,5,21,30,0.9,1011.5,0.2,73,-5,0.99,0.21,0.98
2022/8/5,2,5,14,15,17,19,36,8,34,24.9,1.4,1005.9,0.1,76,-23,7.99,0.99,-0.13
2022/8/12,2,11,20,23,25,36,37,29,34,28.6,-0.7,1006.6,-0.2,77,3,14.99,-0.05,-1
2022/8/19,1,4,6,9,13,22,31,29,30,27.6,-1.7,1001.4,2.1,66,-9,21.99,-1,-0.03
2022/8/26,4,6,17,20,22,24,26,8,9,27,0.1,1002.2,-1.2,98,18,28.99,-0.12,0.99
2022/9/2,8,13,15,23,24,31,35,14,19,22.3,-1.7,1014.6,5.5,99,1,6.46,0.98,0.2
2022/9/9,9,10,13,15,26,34,37,22,36,27.3,3.9,1011.1,-1.5,76,-5,13.46,0.27,-0.96
2022/9/16,3,13,16,18,19,20,35,2,11,26.5,2.2,1011.3,-0.8,63,-1,20.46,-0.94,-0.35
2022/9/23,3,6,7,15,25,29,31,8,14,22.8,0.5,1008.7,-8.2,99,28,27.46,-0.43,0.9
2022/9/30,12,14,18,21,23,29,37,7,15,23.8,1.3,1012.8,1.6,60,-9,4.93,0.87,0.5
2022/10/7,3,14,17,21,22,32,35,6,30,12,0,1010.5,-7.3,99,5,11.93,0.57,-0.82
2022/10/14,7,10,12,15,23,31,37,9,18,20,4.2,1015.3,-5.5,86,-11,18.93,-0.77,-0.63
2022/10/21,5,13,14,20,21,25,31,9,36,18.9,4.8,1020.7,-2.6,70,10,25.93,-0.69,0.72
2022/10/28,7,9,12,22,28,29,32,17,19,13.6,-0.1,1020,-2.7,80,18,3.4,0.66,0.75
2022/11/4,2,16,19,20,22,33,36,6,32,16.4,-3.6,1010.8,3.2,66,9,10.4,0.8,-0.6
2022/11/11,5,8,15,18,25,27,36,10,26,17.6,1.4,1024.4,5.6,72,7,17.4,-0.53,-0.85
2022/11/18,18,20,24,26,27,30,33,17,19,14.6,0.4,1021.2,0.7,67,6,24.4,-0.89,0.46
2022/11/25,6,8,12,20,21,24,29,4,18,14.5,-2.8,1018.9,7.5,65,17,1.86,0.39,0.92
2022/12/2,5,9,14,18,27,32,34,6,12,9.9,1.3,1021.4,6.5,58,-30,8.86,0.95,-0.31
2022/12/9,17,18,24,30,31,32,35,6,36,9.9,0.3,1016.5,0.5,80,25,15.86,-0.23,-0.97
2022/12/16,1,2,4,7,12,14,31,30,33,10.5,3.9,1016.7,4.9,42,-21,22.86,-0.99,0.15
2022/12/23,1,2,12,17,21,22,33,4,30,4.5,-4.8,993.3,8.7,23,-73,0.33,0.07,1
2022/12/30,5,7,8,13,23,26,33,31,37,7,-3.5,1019.2,3.3,51,16,7.33,1,0.01
2023/1/6,1,3,4,5,6,29,31,11,14,6.3,-0.2,1015.6,-3.5,46,16,14.33,0.09,-1
2023/1/13,9,10,12,15,16,28,36,1,23,10.2,3.3,1014.2,-6.7,67,23,21.33,-0.99,-0.17
2023/1/20,8,14,19,22,29,31,37,3,21,7.4,-0.2,1007.3,-11.9,71,19,28.33,-0.25,0.97
2023/1/27,4,19,25,26,30,32,36,1,15,3.8,-1.1,999.2,-12.8,82,34,5.8,0.94,0.33
2023/2/3,1,5,6,9,16,26,31,25,33,5.7,-0.5,1015.9,-0.3,48,18,12.8,0.41,-0.91
2023/2/10,10,14,22,26,27,32,33,20,37,1.8,-4.5,1014.1,-10.4,98,67,19.8,-0.88,-0.48
2023/2/17,3,5,9,11,17,33,37,4,22,6.5,1.5,1022,-2.2,59,18,26.8,-0.55,0.84
2023/2/24,1,9,14,24,28,36,37,16,31,10.7,-1.1,1012.8,-1.5,76,31,4.27,0.79,0.61
2023/3/3,5,7,17,22,25,26,28,3,23,9.4,-0.5,1021.2,11.6,54,14,11.27,0.68,-0.74
2023/3/10,1,4,10,13,15,19,37,16,20,17.9,0.3,1014.9,-0.1,63,11,18.27,-0.68,-0.73
2023/3/17,1,5,10,17,20,27,37,3,22,12.3,-4.7,1018,0.5,71,16,25.27,-0.79,0.62
2023/3/24,3,15,17,22,26,27,28,6,8,16.8,-0.3,1008.2,4.4,98,-2,2.74,0.55,0.83
2023/3/31,7,12,15,16,18,25,36,9,19,16.6,0.5,1012.7,-3.6,68,4,9.74,0.88,-0.48
2023/4/7,3,6,10,16,26,29,31,7,24,17.8,-1.1,1003.8,-8.3,92,22,16.74,-0.41,-0.91
2023/4/14,5,8,11,24,30,32,36,4,35,19,2.5,1012.1,-2.7,67,17,23.74,-0.94,0.33
2023/4/21,1,2,8,14,17,21,34,20,26,21.9,0.3,999.7,-4.8,65,-7,1.21,0.26,0.97
2023/4/28,9,22,25,28,33,34,37,15,16,19.2,1,1016.3,-1.9,63,8,8.21,0.98,-0.18
2023/5/5,21,24,25,27,30,33,36,3,31,21.6,0.2,1008.1,-5.4,59,-1,15.21,-0.09,-1
2023/5/12,1,10,12,19,22,25,37,2,34,19,5.7,1017.2,1,63,-33,22.21,-1,0.01
2023/5/19,3,17,19,27,28,32,35,2,34,17.9,-8.4,1007.5,-1.8,99,41,29.21,-0.07,1
2023/5/26,4,17,22,27,29,31,34,3,37,20.6,-0.1,1020,-0.2,62,0,6.68,0.99,0.15
2023/6/2,11,14,17,18,21,25,31,1,27,21.7,0,994.5,-14.3,100,24,13.68,0.23,-0.97
2023/6/9,4,13,17,19,20,26,29,2,28,21.1,-2.2,1002.2,-7.1,98,24,20.68,-0.95,-0.31
2023/6/16,4,8,12,25,27,32,34,15,17,27.1,5.3,1006.5,3.4,44,-53,27.68,-0.38,0.92
2023/6/23,5,7,10,19,30,32,33,1,17,22.9,4,1006,0.2,81,-14,5.15,0.89,0.46
2023/6/30,7,9,13,14,22,26,29,10,21,25.8,-3.4,1000.2,-1.9,91,19,12.15,0.53,-0.85
2023/7/7,1,11,13,28,29,30,34,23,27,28.7,0.2,1006.6,5.8,62,-10,19.15,-0.8,-0.6
2023/7/14,4,6,9,11,14,28,30,10,12,28.8,-0.1,1006.2,3,75,9,26.15,-0.66,0.75
2023/7/21,4,9,13,18,26,28,36,8,16,29,0.2,1011.6,6.7,63,-1,3.62,0.7,0.72
2023/7/28,2,4,9,11,14,25,37,29,32,30.3,-0.9,1012.2,0.9,63,12,10.62,0.77,-0.64
2023/8/4,10,17,18,19,20,24,25,30,32,32.5,1.7,1002.4,-3.1,62,-2,17.62,-0.57,-0.82
2023/8/11,5,11,12,19,29,32,36,9,26,29.8,-0.3,1003.1,-5.3,68,0,24.62,-0.86,0.5
2023/8/18,8,12,16,17,22,28,34,9,37,30.3,-0.2,1006.7,2.3,76,6,2.09,0.43,0.9
2023/8/25,2,3,9,13,14,35,37,4,17,30.3,0.6,1007.6,-2.6,65,-9,9.09,0.93,-0.36
2023/9/1,1,2,11,12,16,25,28,6,22,29.7,0.7,1010.4,-2.7,62,-10,16.09,-0.28,-0.96
2023/9/8,4,6,8,18,20,27,35,24,26,21.7,-5.5,1006,-2.9,100,34,23.09,-0.98,0.2
2023/9/15,3,7,10,18,19,28,36,13,26,26.2,-2.4,1011.7,2.8,100,23,0.56,0.12,0.99
2023/9/22,6,14,23,25,27,28,34,19,37,23.3,-4.1,1009.9,6.1,96,11,7.56,1,-0.04
2023/9/29,2,9,26,31,33,35,36,15,20,26.2,-2.9,1009.4,7.6,69,-2,14.56,0.04,-1
2023/10/6,2,11,13,18,23,24,36,17,26,20.9,0,1006.9,8.9,40,-7,21.56,-0.99,-0.12
2023/10/13,10,11,18,21,22,29,34,4,32,19.6,-0.4,1011.1,-5.7,41,-25,28.56,-0.21,0.98
2023/10/20,3,12,16,17,27,30,34,15,37,23.4,1.2,999.5,-13.2,66,6,6.03,0.96,0.28
2023/10/27,7,14,17,28,33,35,36,13,27,18.6,1.8,1005.7,-3.7,64,0,13.03,0.36,-0.93
2023/11/3,4,11,14,18,23,25,29,17,32,19.9,0.6,1016.2,0.5,82,28,20.03,-0.9,-0.44
2023/11/10,1,13,16,17,18,25,30,20,34,15.7,-1.9,1009.8,-12.2,99,32,27.03,-0.51,0.86
2023/11/17,13,19,20,28,33,34,35,4,32,11.8,-2.8,998.1,-22.6,100,32,4.5,0.82,0.58
2023/11/24,7,8,13,22,24,29,30,10,35,18.3,2.4,1004.7,-1.8,41,-24,11.5,0.64,-0.77
2023/12/1,15,16,17,22,29,32,37,23,24,8.2,-3.2,1010.4,-0.9,67,33,18.5,-0.71,-0.7
2023/12/8,7,11,12,16,18,33,34,1,14,13.7,-0.6,1017.6,12.6,53,11,25.5,-0.76,0.65
2023/12/15,2,6,13,15,16,20,33,9,28,11.5,-1,1006.3,-17.1,83,20,2.97,0.59,0.81
2023/12/22,4,10,15,17,29,32,36,13,30,7.7,0.6,1014.6,4.7,24,-16,9.97,0.85,-0.52
2023/12/29,9,12,17,19,26,32,34,11,22,8.6,1.4,1018.3,-2.4,61,-8,16.97,-0.45,-0.89
2024/1/5,17,20,26,28,29,33,35,1,6,9.3,-0.8,1013.2,-1.6,55,17,23.97,-0.93,0.38
2024/1/12,3,5,7,10,17,18,35,2,21,9.9,4,1004,-6.3,61,15,1.44,0.3,0.95
2024/1/19,15,20,21,22,23,26,34,6,10,9.7,-0.5,1023,8.6,65,11,8.44,0.97,-0.22
2024/1/26,3,4,10,13,15,18,22,2,16,7.5,2.1,1011.8,3.3,34,5,15.44,-0.14,-0.99
2024/2/2,3,20,29,32,33,34,35,2,24,5.8,-2.1,1019.5,6.8,48,9,22.44,-1,0.06
2024/2/9,6,8,19,20,27,32,37,13,33,8.4,1.8,1014.1,1.2,54,3,29.44,-0.02,1
2024/2/16,2,14,15,20,28,30,34,3,4,9,-8.1,1018,9.4,44,-20,6.91,0.99,0.1
2024/2/23,1,4,6,14,16,19,31,12,18,3,-1.7,1019.8,0.9,94,-1,13.91,0.18,-0.98
2024/3/1,9,13,15,18,22,24,30,6,27,11.4,1.3,1000.6,-17.6,46,-21,20.91,-0.97,-0.26
2024/3/8,3,6,9,11,19,30,36,1,33,7.1,-0.7,1001.7,-9.8,73,19,27.91,-0.34,0.94
2024/3/15,3,5,18,25,28,35,37,7,8,13,1.9,1011.3,-0.7,57,-9,5.38,0.91,0.41
2024/3/22,6,8,16,18,19,34,37,15,30,9.4,2.2,1017.6,8.3,26,-1,12.38,0.49,-0.87
2024/3/29,8,18,20,29,30,33,34,5,23,19,5.9,1001.1,-17.3,75,4,19.38,-0.83,-0.56
2024/4/5,12,15,17,22,30,34,35,5,9,11.8,-5.3,1017.7,10.6,60,-13,26.38,-0.62,0.78
2024/4/12,1,3,9,12,25,26,35,29,31,16,0.3,1015.3,-8,72,13,3.84,0.73,0.68
2024/4/19,13,26,27,29,30,34,37,2,23,19.5,2.4,1004.5,4.4,36,-47,10.84,0.74,-0.67
2024/4/26,1,2,4,19,21,26,28,3,25,21.8,0.2,1010.6,8.7,74,3,17.84,-0.61,-0.79
2024/5/3,11,12,18,19,23,26,31,15,25,19.6,2.7,1013.5,-1.5,57,2,24.84,-0.84,0.54
2024/5/10,4,5,13,16,22,23,35,36,37,19.3,2.9,1017.4,6.8,59,2,2.31,0.47,0.88
2024/5/17,2,12,18,20,25,28,30,9,23,22.9,0.8,1010.7,11.9,33,-21,9.31,0.92,-0.4
2024/5/24,11,13,14,18,19,23,31,7,27,24.9,2.2,1001.7,-5.8,56,-16,16.31,-0.32,-0.95
2024/5/31,11,13,19,25,29,36,37,18,30,20.3,-3.9,1003.4,-7.5,83,20,23.31,-0.97,0.25
2024/6/7,2,15,19,20,22,31,36,13,23,22.8,0,1014.1,-1.2,58,-8,0.78,0.17,0.99
2024/6/14,7,19,23,33,34,35,36,5,10,27.9,4.3,1005.1,4,58,-18,7.78,1,-0.09
2024/6/21,4,13,14,15,17,27,33,2,11,18.8,-6.2,1000.1,-6.4,98,25,14.78,0,-1
2024/6/28,3,8,10,15,18,23,37,17,24,22,-3.7,1005,-5.9,100,26,21.78,-1,-0.08
2024/7/5,5,7,22,29,30,32,36,3,33,32.1,1.1,1001.5,-0.5,62,0,28.78,-0.16,0.99
2024/7/12,1,5,8,9,20,30,37,11,26,23.2,-4.7,999.7,2.2,98,20,6.25,0.97,0.24
2024/7/19,10,11,12,17,23,30,36,20,21,30.8,0.9,1005.4,-2.3,74,4,13.25,0.32,-0.95
2024/7/26,6,11,13,14,16,27,34,12,25,31.4,-0.1,1011.9,6.1,67,-2,20.25,-0.92,-0.39
2024/8/2,1,2,4,14,15,22,23,13,36,29.8,-0.4,1003.2,0.5,71,10,27.25,-0.47,0.88
2024/8/9,15,18,21,22,23,25,32,1,30,30.5,1,999,-0.9,70,-9,4.72,0.84,0.54
2024/8/16,3,5,9,13,15,21,31,12,17,26.5,-4.5,997.3,-6,97,28,11.72,0.6,-0.8
2024/8/23,1,6,8,9,14,29,33,5,23,28.7,0.8,1008.4,-1.2,83,-3,18.72,-0.75,-0.67
2024/8/30,1,3,9,10,15,25,35,19,28,26.5,-0.7,1003.2,-5,97,7,25.72,-0.72,0.69
2024/9/6,4,7,8,11,21,23,35,10,24,29.3,1.7,1008.2,3.3,71,-1,3.19,0.63,0.78
2024/9/13,3,8,11,15,19,24,32,14,30,29.1,-0.5,1005.7,-4.9,73,-3,10.19,0.83,-0.56
2024/9/20,3,8,9,14,15,22,32,1,12,31.4,3.6,1006.6,-6.5,65,-17,17.19,-0.49,-0.87
2024/9/27,5,12,21,25,27,34,36,10,32,23.2,-2.5,1008.9,-1.5,99,22,24.19,-0.91,0.42
2024/10/4,14,15,16,19,25,28,33,6,29,26.6,4.5,1015.2,-1.9,79,-8,1.66,0.35,0.94
2024/10/11,1,9,16,19,23,29,32,5,37,19.7,1.5,1013.8,4.2,69,-10,8.66,0.96,-0.27
2024/10/18,2,4,14,15,22,27,34,1,5,22.6,-0.7,1018.3,-2.1,92,12,15.66,-0.19,-0.98
2024/10/25,1,4,7,11,12,18,26,3,33,20.3,-2.8,1022.6,7.2,72,0,22.66,-0.99,0.11
2024/11/1,4,7,16,19,26,31,33,25,29,19.3,2.5,1019.8,-3.4,66,-5,0.13,0.03,1
2024/11/8,1,2,12,16,19,29,32,9,37,12.8,0,1025.7,3.6,60,18,7.13,1,0.05
2024/11/15,4,8,18,20,29,35,37,19,34,16.8,-0.1,1014.7,-5.2,91,21,14.13,0.13,-0.99
2024/11/22,7,15,18,24,29,31,34,5,25,12.1,0.8,1007.2,-4.3,87,-13,21.13,-0.98,-0.21
2024/11/29,4,9,10,23,28,30,34,18,31,12.4,-0.2,999.3,-3.5,40,4,28.13,-0.29,0.96
2024/12/6,4,6,9,12,25,31,36,27,30,12.6,1.6,1007,3,43,-22,5.6,0.93,0.37
2024/12/13,2,8,15,26,28,31,32,19,24,6.2,-1.1,1008.5,-5.6,50,9,12.6,0.44,-0.9
2024/12/20,9,17,18,20,22,27,36,25,37,9,2.2,1017.7,2.7,64,17,19.6,-0.86,-0.52
2024/12/27,12,14,20,27,31,34,37,19,21,7.4,-3.3,1008.3,3.9,41,-19,26.6,-0.58,0.81
2025/1/10,7,10,11,18,20,29,30,32,36,5.5,-2.6,1013.9,12,40,8,11.07,0.71,-0.71
2025/1/17,4,11,12,23,26,32,37,1,9,4.8,0.4,1016.7,3,35,-20,18.07,-0.65,-0.76
2025/1/24,1,8,9,23,24,31,36,21,28,11.6,2.7,1017.5,0.6,65,-4,25.07,-0.81,0.58
2025/1/31,7,8,11,18,20,30,34,5,14,8,-0.3,1017.7,7.2,34,4,2.54,0.51,0.86
2026/2/6,4,6,10,11,13,17,23,25,32,11.9,3.7,1005.5,-5.1,36,-8,19.17,-0.81,-0.59
2026/2/13,3,6,8,14,21,22,31,17,37,8.2,0.9,1013.8,1.1,51,6,26.17,-0.66,0.76
2026/2/20,6,8,14,19,22,25,35,12,17,7.2,0.8,1017.8,1.8,65,36,3.64,0.7,0.71
2026/2/27,2,17,18,22,23,25,33,16,34,13.5,2.7,1011.2,-7.7,75,5,10.64,0.77,-0.64
2026/3/6,9,13,20,22,28,29,33,21,23,11.8,0.5,1017.7,-2.4,69,37,17.64,-0.57,-0.82
2026/3/13,1,8,11,14,18,22,29,19,35,8.6,-1.8,1019.5,0.3,47,17,24.64,-0.86,0.51
2026/3/20,3,5,6,7,9,13,16,11,23,8.8,-7.9,1013.4,5.1,82,50,2.11,0.43,0.9
2026/3/27,3,4,9,10,18,21,37,15,23,14.6,2,1012.4,1.2,67,-17,9.11,0.93,-0.36
2026/4/3,7,13,16,22,28,33,36,2,25,8.3,-2.9,1013,-2.2,93,8,16.11,-0.28,-0.96
2026/4/10,7,11,15,16,17,24,33,6,9,19,2,998.9,-17.1,96,37,23.11,-0.98,0.2
